id,cT,surge_amplitude,surge_freq,nx,ny,nz,Lx,Ly,Lz,dt,tstop,n_hrs,filterWidth,useCorrection
0000,1.33,0.05,0.1,256,256,256,25,8.5,8.5,0.005,180.0,8.0,0.1625382598439085,True
0001,2.0,0.05,0.1,256,256,256,25,8.5,8.5,0.005,180.0,8.0,0.1625382598439085,True
0002,1.33,0.1,0.1,256,256,256,25,8.5,8.5,0.005,180.0,8.0,0.1625382598439085,True
0003,2.0,0.1,0.1,256,256,256,25,8.5,8.5,0.005,180.0,8.0,0.1625382598439085,True
0004,1.33,0.2,0.1,256,256,256,25,8.5,8.5,0.005,180.0,8.0,0.1625382598439085,True
0005,2.0,0.2,0.1,256,256,256,25,8.5,8.5,0.005,180.0,8.0,0.1625382598439085,True
0006,1.33,0.3,0.1,256,256,256,25,8.5,8.5,0.005,180.0,8.0,0.1625382598439085,True
0007,2.0,0.3,0.1,256,256,256,25,8.5,8.5,0.005,180.0,8.0,0.1625382598439085,True
0008,1.33,0.05,0.25,256,256,256,25,8.5,8.5,0.005,116.0,6.0,0.1625382598439085,True
0009,2.0,0.05,0.25,256,256,256,25,8.5,8.5,0.005,116.0,6.0,0.1625382598439085,True
0010,1.33,0.1,0.25,256,256,256,25,8.5,8.5,0.005,116.0,6.0,0.1625382598439085,True
0011,2.0,0.1,0.25,256,256,256,25,8.5,8.5,0.005,116.0,6.0,0.1625382598439085,True
0012,1.33,0.2,0.25,256,256,256,25,8.5,8.5,0.005,116.0,6.0,0.1625382598439085,True
0013,2.0,0.2,0.25,256,256,256,25,8.5,8.5,0.005,116.0,6.0,0.1625382598439085,True
0014,1.33,0.3,0.25,256,256,256,25,8.5,8.5,0.005,116.0,6.0,0.1625382598439085,True
0015,2.0,0.3,0.25,256,256,256,25,8.5,8.5,0.005,116.0,6.0,0.1625382598439085,True
0016,1.33,0.4,0.25,256,256,256,25,8.5,8.5,0.005,116.0,6.0,0.1625382598439085,True
0017,2.0,0.4,0.25,256,256,256,25,8.5,8.5,0.005,116.0,6.0,0.1625382598439085,True
0018,1.33,0.5,0.25,256,256,256,25,8.5,8.5,0.005,116.0,6.0,0.1625382598439085,True
0019,2.0,0.5,0.25,256,256,256,25,8.5,8.5,0.005,116.0,6.0,0.1625382598439085,True
0020,1.33,0.6,0.25,256,256,256,25,8.5,8.5,0.005,116.0,6.0,0.1625382598439085,True
0021,2.0,0.6,0.25,256,256,256,25,8.5,8.5,0.005,116.0,6.0,0.1625382598439085,True
0022,1.33,0.05,0.5,256,256,256,25,8.5,8.5,0.005,96.0,5.0,0.1625382598439085,True
0023,2.0,0.05,0.5,256,256,256,25,8.5,8.5,0.005,96.0,5.0,0.1625382598439085,True
0024,1.33,0.1,0.5,256,256,256,25,8.5,8.5,0.005,96.0,5.0,0.1625382598439085,True
0025,2.0,0.1,0.5,256,256,256,25,8.5,8.5,0.005,96.0,5.0,0.1625382598439085,True
0026,1.33,0.2,0.5,256,256,256,25,8.5,8.5,0.005,96.0,5.0,0.1625382598439085,True
0027,2.0,0.2,0.5,256,256,256,25,8.5,8.5,0.005,96.0,5.0,0.1625382598439085,True
0028,1.33,0.3,0.5,256,256,256,25,8.5,8.5,0.005,96.0,5.0,0.1625382598439085,True
0029,2.0,0.3,0.5,256,256,256,25,8.5,8.5,0.005,96.0,5.0,0.1625382598439085,True
0030,1.33,0.4,0.5,256,256,256,25,8.5,8.5,0.005,96.0,5.0,0.1625382598439085,True
0031,2.0,0.4,0.5,256,256,256,25,8.5,8.5,0.005,96.0,5.0,0.1625382598439085,True
0032,1.33,0.5,0.5,256,256,256,25,8.5,8.5,0.005,96.0,5.0,0.1625382598439085,True
0033,2.0,0.5,0.5,256,256,256,25,8.5,8.5,0.005,96.0,5.0,0.1625382598439085,True
0034,1.33,0.6,0.5,256,256,256,25,8.5,8.5,0.005,96.0,5.0,0.1625382598439085,True
0035,2.0,0.6,0.5,256,256,256,25,8.5,8.5,0.005,96.0,5.0,0.1625382598439085,True
0036,1.33,0.05,0.75,256,256,256,25,8.5,8.5,0.005,89.33333333333333,5.0,0.1625382598439085,True
0037,2.0,0.05,0.75,256,256,256,25,8.5,8.5,0.005,89.33333333333333,5.0,0.1625382598439085,True
0038,1.33,0.1,0.75,256,256,256,25,8.5,8.5,0.005,89.33333333333333,5.0,0.1625382598439085,True
0039,2.0,0.1,0.75,256,256,256,25,8.5,8.5,0.005,89.33333333333333,5.0,0.1625382598439085,True
0040,1.33,0.2,0.75,256,256,256,25,8.5,8.5,0.005,89.33333333333333,5.0,0.1625382598439085,True
0041,2.0,0.2,0.75,256,256,256,25,8.5,8.5,0.005,89.33333333333333,5.0,0.1625382598439085,True
0042,1.33,0.3,0.75,256,256,256,25,8.5,8.5,0.005,89.33333333333333,5.0,0.1625382598439085,True
0043,2.0,0.3,0.75,256,256,256,25,8.5,8.5,0.005,89.33333333333333,5.0,0.1625382598439085,True
0044,1.33,0.4,0.75,256,256,256,25,8.5,8.5,0.005,89.33333333333333,5.0,0.1625382598439085,True
0045,2.0,0.4,0.75,256,256,256,25,8.5,8.5,0.005,89.33333333333333,5.0,0.1625382598439085,True
0046,1.33,0.5,0.75,256,256,256,25,8.5,8.5,0.005,89.33333333333333,5.0,0.1625382598439085,True
0047,2.0,0.5,0.75,256,256,256,25,8.5,8.5,0.005,89.33333333333333,5.0,0.1625382598439085,True
0048,1.33,0.6,0.75,256,256,256,25,8.5,8.5,0.005,89.33333333333333,5.0,0.1625382598439085,True
0049,2.0,0.6,0.75,256,256,256,25,8.5,8.5,0.005,89.33333333333333,5.0,0.1625382598439085,True
0050,1.33,0.05,1.0,256,256,256,25,8.5,8.5,0.005,85.0,5.0,0.1625382598439085,True
0051,2.0,0.05,1.0,256,256,256,25,8.5,8.5,0.005,85.0,5.0,0.1625382598439085,True
0052,1.33,0.1,1.0,256,256,256,25,8.5,8.5,0.005,85.0,5.0,0.1625382598439085,True
0053,2.0,0.1,1.0,256,256,256,25,8.5,8.5,0.005,85.0,5.0,0.1625382598439085,True
0054,1.33,0.2,1.0,256,256,256,25,8.5,8.5,0.005,85.0,5.0,0.1625382598439085,True
0055,2.0,0.2,1.0,256,256,256,25,8.5,8.5,0.005,85.0,5.0,0.1625382598439085,True
0056,1.33,0.3,1.0,256,256,256,25,8.5,8.5,0.005,85.0,5.0,0.1625382598439085,True
0057,2.0,0.3,1.0,256,256,256,25,8.5,8.5,0.005,85.0,5.0,0.1625382598439085,True
0058,1.33,0.4,1.0,256,256,256,25,8.5,8.5,0.005,85.0,5.0,0.1625382598439085,True
0059,2.0,0.4,1.0,256,256,256,25,8.5,8.5,0.005,85.0,5.0,0.1625382598439085,True
0060,1.33,0.5,1.0,256,256,256,25,8.5,8.5,0.005,85.0,5.0,0.1625382598439085,True
0061,2.0,0.5,1.0,256,256,256,25,8.5,8.5,0.005,85.0,5.0,0.1625382598439085,True
0062,1.33,0.6,1.0,256,256,256,25,8.5,8.5,0.005,85.0,5.0,0.1625382598439085,True
0063,2.0,0.6,1.0,256,256,256,25,8.5,8.5,0.005,85.0,5.0,0.1625382598439085,True
0064,1.33,0.05,1.5,256,256,256,25,8.5,8.5,0.005,82.0,5.0,0.1625382598439085,True
0065,2.0,0.05,1.5,256,256,256,25,8.5,8.5,0.005,82.0,5.0,0.1625382598439085,True
0066,1.33,0.1,1.5,256,256,256,25,8.5,8.5,0.005,82.0,5.0,0.1625382598439085,True
0067,2.0,0.1,1.5,256,256,256,25,8.5,8.5,0.005,82.0,5.0,0.1625382598439085,True
0068,1.33,0.2,1.5,256,256,256,25,8.5,8.5,0.005,82.0,5.0,0.1625382598439085,True
0069,2.0,0.2,1.5,256,256,256,25,8.5,8.5,0.005,82.0,5.0,0.1625382598439085,True
0070,1.33,0.3,1.5,256,256,256,25,8.5,8.5,0.005,82.0,5.0,0.1625382598439085,True
0071,2.0,0.3,1.5,256,256,256,25,8.5,8.5,0.005,82.0,5.0,0.1625382598439085,True
0072,1.33,0.4,1.5,256,256,256,25,8.5,8.5,0.005,82.0,5.0,0.1625382598439085,True
0073,2.0,0.4,1.5,256,256,256,25,8.5,8.5,0.005,82.0,5.0,0.1625382598439085,True
0074,1.33,0.5,1.5,256,256,256,25,8.5,8.5,0.005,82.0,5.0,0.1625382598439085,True
0075,2.0,0.5,1.5,256,256,256,25,8.5,8.5,0.005,82.0,5.0,0.1625382598439085,True
0076,1.33,0.6,1.5,256,256,256,25,8.5,8.5,0.005,82.0,5.0,0.1625382598439085,True
0077,2.0,0.6,1.5,256,256,256,25,8.5,8.5,0.005,82.0,5.0,0.1625382598439085,True
0078,1.33,0.05,2.0,256,256,256,25,8.5,8.5,0.005,80.0,4.0,0.1625382598439085,True
0079,2.0,0.05,2.0,256,256,256,25,8.5,8.5,0.005,80.0,4.0,0.1625382598439085,True
0080,1.33,0.1,2.0,256,256,256,25,8.5,8.5,0.005,80.0,4.0,0.1625382598439085,True
0081,2.0,0.1,2.0,256,256,256,25,8.5,8.5,0.005,80.0,4.0,0.1625382598439085,True
0082,1.33,0.2,2.0,256,256,256,25,8.5,8.5,0.005,80.0,4.0,0.1625382598439085,True
0083,2.0,0.2,2.0,256,256,256,25,8.5,8.5,0.005,80.0,4.0,0.1625382598439085,True
0084,1.33,0.3,2.0,256,256,256,25,8.5,8.5,0.005,80.0,4.0,0.1625382598439085,True
0085,2.0,0.3,2.0,256,256,256,25,8.5,8.5,0.005,80.0,4.0,0.1625382598439085,True
0086,1.33,0.4,2.0,256,256,256,25,8.5,8.5,0.005,80.0,4.0,0.1625382598439085,True
0087,2.0,0.4,2.0,256,256,256,25,8.5,8.5,0.005,80.0,4.0,0.1625382598439085,True
0088,1.33,0.5,2.0,256,256,256,25,8.5,8.5,0.005,80.0,4.0,0.1625382598439085,True
0089,2.0,0.5,2.0,256,256,256,25,8.5,8.5,0.005,80.0,4.0,0.1625382598439085,True
0090,1.33,0.6,2.0,256,256,256,25,8.5,8.5,0.005,80.0,4.0,0.1625382598439085,True
0091,2.0,0.6,2.0,256,256,256,25,8.5,8.5,0.005,80.0,4.0,0.1625382598439085,True
0092,1.33,0.0,0.0,256,256,256,25,8.5,8.5,0.005,150.0,7.0,0.1625382598439085,True
0093,2.0,0.0,0.0,256,256,256,25,8.5,8.5,0.005,150.0,7.0,0.1625382598439085,True
